Workbook

Sheet 市场更新
A1: Year | C1: Binance | E1: OKX | G1: Bybit | I1: Bitget | K1: Crypto.com | M1: Coinbase
A2: 2024 Q1 | B2: Binance | C2: 48.6 | D2: OKX | E2: 24.6 | F2: Bybit | G2: 13.4 | H2: Bitget | I2: 12.4 | J2: Crypto.com | K2: 1 | L2: Coinbase | M2: 0.04
A3: 2024 Q2 | B3: Binance | C3: 47.8 | D3: OKX | E3: 22.7 | F3: Bybit | G3: 16.3 | H3: Bitget | I3: 14.8 | J3: Crypto.com | K3: 1.1 | L3: Coinbase | M3: 0.04
A4: 2024 Q3 | B4: Binance | C4: 45 | D4: OKX | E4: 20.1 | F4: Bybit | G4: 16.7 | H4: Bitget | I4: 16.2 | J4: Crypto.com | K4: 3.5 | L4: Coinbase | M4: 0.04
A5: 2024 Q4 | B5: Binance | C5: 44 | D5: OKX | E5: 19.3 | F5: Bybit | G5: 16.7 | H5: Bitget | I5: 15.1 | J5: Crypto.com | K5: 3.6 | L5: Coinbase | M5: 0.05
A6: 2025 Q1 | B6: Binance | C6: 43.3 | D6: OKX | E6: 19 | F6: Bybit | G6: 17.1 | H6: Bitget | I6: 16.7 | J6: Crypto.com | K6: 2.6 | L6: Coinbase | M6: 0.002
A7: 2025 Q2 | B7: Binance | C7: 41.9 | D7: OKX | E7: 19.6 | F7: Bybit | G7: 16.1 | H7: Bitget | I7: 13.5 | J7: Crypto.com | K7: 1.3 | L7: Coinbase | M7: 0.04
P9: Exchange | Q9: Spot Volume | R9: Derivatives Volume
P10: Binance | Q10: 19.92 | R10: 80.08
B11: Bybit | C11: 13.4 | P11: OKX | Q11: 8.86 | R11: 91.14
P12: Bybit | Q12: 10.5 | R12: 89.5
P13: Bitget | Q13: 10.79 | R13: 89.21
P14: Crypto.com | Q14: 54.82 | R14: 45.18
B15: OKX | C15: 20.1 | P15: Coinbase | Q15: =Q19/S19*100 -> 37.5 | R15: =R19/S19*100 -> 62.5
Q19: 2.1 | R19: 3.5 | S19: =SUM(Q19:R19) -> 5.6
B25: Bullish | C25: 0.1 | K25: CEX
J26: Binance | K26: 25.22
B27: Binance | C27: 43.3 | J27: Bitrue | K27: 6.96
J28: MEXC Global | K28: 5.59
J29: Bybit | K29: 4.56
J30: HTX | K30: 4.53
J31: XT.com | K31: 4.31
B32: HTX | C32: 0.83 | J32: Crypto.com | K32: 4.15
B33: KuCoin | C33: 0.4 | J33: OKX | K33: 4.14
B34: Bullish | C34: 0.14 | J34: Coinbase | K34: 3.8
J35: LBank | K35: 3.52
B40: Gate | C40: 4.6
B41: HTX | C41: 2.1
B43: KuCoin | C43: 0.81
B44: Bullish | C44: 0.11

Sheet 交易总量
A1: Quarter | B1: 交易总量 | C1: 468353019
A2: 45017 | B2: 468.35302 | C2: 3318144507
A3: 45108 | B3: 3786.4975 | C3: 7065381767
A4: 45200 | B4: 10851.879 | C4: 4656690992
A5: 45292 | B5: 15508.57 | C5: 1628577829
A6: 45383 | B6: 17137.148 | C6: -4869639440
A7: 45474 | B7: 12267.509 | C7: 6921971673
A8: 45566 | B8: 19189.48 | C8: -725477393
A9: 45658 | B9: 18464.003
A10: 45748 | B10: 19202.928
B17: 1000000 | C17: =B2/$B$17 -> 0.00046835302
C18: =B3/$B$17 -> 0.0037864975
C19: =B4/$B$17 -> 0.010851879
C20: =B5/$B$17 -> 0.01550857
C21: =B6/$B$17 -> 0.017137148
C22: =B7/$B$17 -> 0.012267509
C23: =B8/$B$17 -> 0.01918948
C24: =B9/$B$17 -> 0.018464003
C25: =B10/$B$17 -> 0.019202928
C26: =B11/$B$17 -> 0
C27: =B12/$B$17 -> 0
C28: =B13/$B$17 -> 0
C29: =B14/$B$17 -> 0
... C37: =B22/$B$17 -> 0

Sheet ETFpage (2) Archive
C1: Mesari | F1: Block | I1: Block | M1: sosvvalue | P1: defillama
A2: Quarter Start | B2: 美国交易所 | C2: 非美国交易所 | D2: 总交易量 | E2: 美国% | F2: BTCETF交易量 | G2: BTC ETF交易量 | H2: ETF% | I2: ETH ETF交易量 | J2: ETH ETF Cumulative | K2: BTC+ETH ETF交易量 | L2: ETF% | M2: ETF交易量 | N2: ETF% | O2: ETF % of Global | P2: BTC ETF | R2: ETH ETF
A3: 45108 | B3: 110970652271 | C3: 1234116812292 | D3: =B3+C3 -> 1345087464563 | E3: =B3/C3 -> 0.089919083
A4: 45200 | B4: 225973562768 | C4: 2653355192878 | D4: =B4+C4 -> 2879328755646 | E4: =B4/C4 -> 0.085165214
A5: 45292 | B5: 443214024049 | C5: 5814904479885 | D5: =B5+C5 -> 6258118503934 | E5: =B5/C5 -> 0.076220345 | F5: =E13 -> 7690000000 | G5: 7690000000 | H5: =F5/B5 -> 0.017350534 | K5: =I5+G5 -> 7690000000 | L5: =K5/D5 -> 0.0012288038
A6: 45383 | B6: 316114603017 | C6: 5270374398705 | D6: =B6+C6 -> 5586489001722 | E6: =B6/C6 -> 0.059979534 | F6: =E14 -> 176940000000 | G6: 184630000000 | H6: =F6/B6 -> 0.55973371 | K6: =I6+G6 -> 184630000000 | L6: =K6/D6 -> 0.03304938 | M6: 71720000000 | N6: =M6/B6 -> 0.22687974 | O6: =M6/D6 -> 0.012838117 | P6: =P13*$J$12 -> 858000000
A7: 45474 | B7: 256028261587 | C7: 4796241206373 | D7: =B7+C7 -> 5052269467960 | E7: =B7/C7 -> 0.053381023 | F7: =E15 -> 130290000000 | G7: 314920000000 | H7: =F7/B7 -> 0.50888913 | I7: =J7-J6 -> 6620000000 | J7: =J15*J12 -> 6620000000 | K7: =I7+G7 -> 321540000000 | L7: =K7/D7 -> 0.063642686 | M7: 105900000000 | N7: =M7/B7 -> 0.41362621 | O7: =M7/D7 -> 0.020960877 | P7: =P14*$J$12 -> 12047000000
A8: 45566 | B8: 592762651094 | C8: 9554585156884 | D8: =B8+C8 -> 10147347807978 | E8: =B8/C8 -> 0.062039601 | F8: =E16 -> 106110000000 | G8: 421030000000 | H8: =F8/B8 -> 0.17900925 | I8: =J8-J7 -> 8210000000 | J8: =J16*$J$12 -> 14830000000 | K8: =I8+G8 -> 429240000000 | L8: =K8/D8 -> 0.042300708 | M8: 223000000000 | N8: =M8/B8 -> 0.37620454 | O8: =M8/D8 -> 0.021976186 | P8: =P15*$J$12 -> 14656000000 | R8: =R16*$J$12 -> -520000000
A9: 45658 | B9: 528981835146 | C9: 7785239049815 | D9: =B9+C9 -> 8314220884961 | E9: =B9/C9 -> 0.067946768 | F9: =E17 -> 224970000000 | G9: 646000000000 | H9: =F9/B9 -> 0.42528871 | I9: =J9-J8 -> 27350000000 | J9: =J17*$J$12 -> 42180000000 | K9: =I9+G9 -> 673350000000 | L9: =K9/D9 -> 0.080987745 | M9: 194000000000 | N9: =M9/B9 -> 0.36674227 | O9: =M9/D9 -> 0.023333515 | P9: =P16*$J$12 -> 18623000000 | R9: =R17*$J$12 -> 2500000000
A10: 45748 | B10: 349382481841 | C10: 6167128407751 | D10: =B10+C10 -> 6516510889592 | E10: =B10/C10 -> 0.056652377 | F10: =E18 -> 191280000000 | G10: 837280000000 | H10: =F10/B10 -> 0.54748023 | I10: =J10-J9 -> 22410000000 | J10: =J18*$J$12 -> 64590000000 | K10: =I10+G10 -> 859690000000 | L10: =K10/D10 -> 0.13192489 | M10: 198000000000 | N10: =M10/B10 -> 0.56671416 | O10: =M10/D10 -> 0.030384358 | P10: =P17*$J$12 -> 35000000000 | R10: =R18*$J$12 -> 4.27e+09
J12: 1000000000
A13: 45292 | E13: =G5-G4 -> 7690000000 | F13: 7690000000 | P13: 0.858
A14: 45383 | E14: =G6-G5 -> 176940000000 | F14: 176940000000 | P14: 12.047
A15: 45474 | E15: =G7-G6 -> 130290000000 | F15: 130290000000 | J15: 6.62 | P15: 14.656
A16: 45566 | E16: =G8-G7 -> 106110000000 | F16: 106110000000 | J16: 14.83 | P16: 18.623 | R16: -0.52
A17: 45658 | E17: =G9-G8 -> 224970000000 | F17: 224970000000 | J17: 42.18 | P17: 35 | R17: 2.5
A18: 45748 | E18: =G10-G9 -> 191280000000 | F18: 191280000000 | J18: 64.59 | P18: 48.6 | R18: 4.27
A19: 45839 | E19: =#REF!-G10 -> #REF!
A36: Quarter Start | B36: Coinbase | C36: Kraken | E36: Gemini | F36: bitFlyer US | G36: Robinhood | H36: ETF交易量 | J36: BTC+ETH ETF 交易量
A37: 45292 | B37: 301439233806 | C37: 104476290281 | E37: 7088193395 | F37: 5709846866 | G37: 17750000000 | H37: =M5 -> 0
A38: 45383 | B38: 217603673825 | C38: 71162990463 | E38: 6102184978 | F38: 7501134872 | G38: 21500000000 | H38: =M6 -> 71720000000
A39: 45474 | B39: 180044297955 | C39: 60932580909 | E39: 5615364348 | F39: 7265082391 | G39: 14400000000 | H39: =M7 -> 105900000000
A40: 45566 | B40: 438326766278 | C40: 127032858600 | E40: 13859096144 | F40: 9344414176 | G40: 71000000000 | H40: =M8 -> 223000000000
A41: 45658 | B41: 387789140611 | C41: 116139474265 | E41: 12837127289 | F41: 9002417938 | G41: 46000000000 | H41: =M9 -> 194000000000 | I41: =G41/SUM(H41,G41,F41,E41,C41,B41) -> 0.0600704
A42: 45748 | B42: 226072927981 | C42: 94124505869 | E42: 17905669673 | F42: 7194082446 | G42: 35000000000 | H42: =M10 -> 198000000000

Sheet Sheet8
A1: Platform | B1: Traffic Share (%)
A2: Robinhood | B2: 95.7
A3: Gemini | B3: 80.1
A4: Coinbase | B4: 70.2
A5: Crypto.com | B5: 41.8
A6: Kraken | B6: 41.7

Sheet ETFpage
D1: Mesari | G1: block | I1: block | L1: block | N1: sosovalue
A2: Quarter Start | B2: 美国交易所 | C2: 非美国交易所 | D2: 总交易量 | E2: 美国% | F2: BTCETF交易量 | G2: BTC ETF交易量（Cumu） | H2: ETF% | I2: ETH ETF交易量 | J2: ETH ETF Cumulative | L2: BTC+ETH ETF交易量 | M2: ETF% | N2: ETF交易量 | O2: ETF% of US | P2: ETF% of Global | Q2: Total exchange trading volume
A3: 45108 | B3: =Exchange!B4 -> 778247435480 | C3: =D3-B3 -> 684300358438 | D3: =Exchange!C4 -> 1462547793918 | E3: =B3/D3 -> 0.53211761 | Q3: =Q20*$Q$11 -> 1213000000000
A4: 45200 | B4: =Exchange!B5 -> 1487101330221 | C4: =D4-B4 -> 1392227425424 | D4: =Exchange!C5 -> 2879328755645 | E4: =B4/D4 -> 0.516475 | Q4: =Q21*$Q$11 -> 2420000000000
A5: 45292 | B5: =Exchange!B6 -> 3313730724690 | C5: =D5-B5 -> 2944387779244 | D5: =Exchange!C6 -> 6258118503934 | E5: =B5/D5 -> 0.5295091 | F5: =E21 -> 7690000000 | G5: 7690000000 | H5: =F5/B5 -> 0.0023206472 | L5: =I5+G5 -> 7690000000 | M5: =L5/D5 -> 0.0012288038 | Q5: =Q22*$Q$11 -> 4780000000000
A6: 45383 | B6: =Exchange!B7 -> 2889366004478 | C6: =D6-B6 -> 2702351764986 | D6: =Exchange!C7 -> 5591717769464 | E6: =B6/D6 -> 0.51672243 | F6: =E22 -> 176940000000 | G6: 184630000000 | H6: =F6/B6 -> 0.061238348 | L6: =I6+G6 -> 184630000000 | M6: =L6/D6 -> 0.033018476 | N6: =N23*$K$12 -> 71720000000 | O6: =N6/B6 -> 0.024822054 | P6: =N6/D6 -> 0.012826112 | Q6: =Q23*$Q$11 -> 3920000000000 | R6: =N6/Q6 -> 0.018295918
A7: 45474 | B7: =Exchange!B8 -> 2286013728990 | C7: =D7-B7 -> 2771888499313 | D7: =Exchange!C8 -> 5057902228303 | E7: =B7/D7 -> 0.45196875 | F7: =E23 -> 130290000000 | G7: 314920000000 | H7: =F7/B7 -> 0.056994408 | I7: =J7-J6 -> 6620000000 | J7: =K7*K12 -> 6620000000 | K7: 6.62 | L7: =I7+G7 -> 321540000000 | M7: =L7/D7 -> 0.06357181 | N7: =N24*$K$12 -> 105900000000 | O7: =N7/B7 -> 0.046325181 | P7: =N7/D7 -> 0.020937534 | Q7: =Q24*$Q$11 -> 3317000000000 | R7: =N7/Q7 -> 0.03192644
A8: 45566 | B8: =Exchange!B9 -> 4224650773541 | C8: =D8-B8 -> 5935321532737 | D8: =Exchange!C9 -> 10159972306278 | E8: =B8/D8 -> 0.41581322 | F8: =E24 -> 106110000000 | G8: 421030000000 | H8: =F8/B8 -> 0.025116869 | I8: =J8-J7 -> 8210000000 | J8: =K8*$K$12 -> 14830000000 | K8: 14.83 | L8: =I8+G8 -> 429240000000 | M8: =L8/D8 -> 0.042248147 | N8: =N25*$K$12 -> 223000000000 | O8: =N8/B8 -> 0.052785428 | P8: =N8/D8 -> 0.021948879 | Q8: =Q25*$Q$11 -> 6790000000000 | R8: =N8/Q8 -> 0.032842415
A9: 45658 | B9: =Exchange!B10 -> 3491674737438 | C9: =D9-B9 -> 4832402065068 | D9: =Exchange!C10 -> 8324076802506 | E9: =B9/D9 -> 0.41946691 | F9: =E25 -> 224970000000 | G9: 646000000000 | H9: =F9/B9 -> 0.0644304 | I9: =J9-J8 -> 27350000000 | J9: =K9*$K$12 -> 42180000000 | K9: 42.18 | L9: =I9+G9 -> 673350000000 | M9: =L9/D9 -> 0.080891853 | N9: =N26*$K$12 -> 194000000000 | O9: =N9/B9 -> 0.055560731 | P9: =N9/D9 -> 0.023305888 | Q9: =Q26*$Q$11 -> 5540000000000 | R9: =N9/Q9 -> 0.035018051
A10: 45748 | B10: =Exchange!B11 -> 2444943062485 | C10: =D10-B10 -> 4079201802443 | D10: =Exchange!C11 -> 6524144864928 | E10: =B10/D10 -> 0.37475303 | F10: =E26 -> 191280000000 | G10: 837280000000 | H10: =F10/B10 -> 0.078234951 | I10: =J10-J9 -> 22410000000 | J10: =K10*$K$12 -> 64590000000 | K10: 64.59 | L10: =I10+G10 -> 859690000000 | M10: =L10/D10 -> 0.13177053 | N10: =N27*$K$12 -> 198000000000 | O10: =N10/B10 -> 0.080983481 | P10: =N10/D10 -> 0.030348805 | Q10: =Q27*$Q$11 -> 3820000000000 | R10: =N10/Q10 -> 0.051832461
A11: 45839 | B11: =Exchange!B12 -> 300449662573 | C11: =D11-B11 -> 474014875439 | D11: =Exchange!C12 -> 774464538012 | E11: =B11/D11 -> 0.38794502 | F11: =E27 -> 202720000000 | G11: 1040000000000 | I11: =J11-J10 -> 26760000000 | J11: =K11*$K$12 -> 91350000000 | K11: 91.35 | L11: =I11+G11 -> 1066760000000 | M11: =L11/D11 -> 1.3774162 | Q11: 1000000000000
K12: 1000000000
A19: 45108
A20: 45200 | Q20: 1.213
A21: 45292 | E21: =G5-G4 -> 7690000000 | F21: 7690000000 | Q21: 2.42
A22: 45383 | E22: =G6-G5 -> 176940000000 | F22: 176940000000 | Q22: 4.78
A23: 45474 | E23: =G7-G6 -> 130290000000 | F23: 130290000000 | N23: 71.72 | Q23: 3.92
A24: 45566 | E24: =G8-G7 -> 106110000000 | F24: 106110000000 | N24: 105.9 | Q24: 3.317
A25: 45658 | E25: =G9-G8 -> 224970000000 | F25: 224970000000 | N25: 223 | Q25: 6.79
A26: 45748 | E26: =G10-G9 -> 191280000000 | F26: 191280000000 | N26: 194 | Q26: 5.54
A27: 45839 | E27: =G11-G10 -> 202720000000 | N27: 198 | Q27: 3.82
N28: B
A36: Quarter Start | B36: Coinbase | C36: Kraken | E36: Gemini | F36: bitFlyer US | G36: Robinhood | H36: BTC ETF | J36: BTC+ETH ETF 交易量
A37: 45292 | B37: 301439233806 | C37: 104476290281 | E37: 7088193395 | F37: 5709846866 | G37: 17750000000 | H37: =F5 -> 7690000000
A38: 45383 | B38: 217603673825 | C38: 71162990463 | E38: 6102184978 | F38: 7501134872 | G38: 21500000000 | H38: =F6 -> 176940000000
A39: 45474 | B39: 180044297955 | C39: 60932580909 | E39: 5615364348 | F39: 7265082391 | G39: 14400000000 | H39: =F7 -> 130290000000
A40: 45566 | B40: 438326766278 | C40: 127032858600 | E40: 13859096144 | F40: 9344414176 | G40: 71000000000 | H40: =F8 -> 106110000000
A41: 45658 | B41: 387789140611 | C41: 116139474265 | E41: 12837127289 | F41: 9002417938 | G41: 46000000000 | H41: =F9 -> 224970000000 | I41: =G41/SUM(H41,G41,F41,E41,C41,B41) -> 0.057735405
A42: 45748 | B42: 226072927981 | C42: 94124505869 | E42: 17905669673 | F42: 7194082446 | G42: N/A | H42: =F10 -> 191280000000

Sheet Exchange
A1: Date | B1: US Region Volume (USD) | C1: Global Volume (USD) | D1: US % Share
A2: 44927 | B2: 2378799272909 | C2: 3380467174102 | D2: 0.704
A3: 45017 | B3: 1133085766109 | C3: 1944014301976 | D3: 0.583
A4: 45108 | B4: 778247435480 | C4: 1462547793918 | D4: 0.532
A5: 45200 | B5: 1487101330221 | C5: 2879328755645 | D5: 0.516
A6: 45292 | B6: 3313730724690 | C6: 6258118503934 | D6: 0.53
A7: 45383 | B7: 2889366004478 | C7: 5591717769464 | D7: 0.517
A8: 45474 | B8: 2286013728990 | C8: 5057902228303 | D8: 0.452
A9: 45566 | B9: 4224650773541 | C9: 10159972306278 | D9: 0.416
A10: 45658 | B10: 3491674737438 | C10: 8324076802506 | D10: 0.419
A11: 45748 | B11: 2444943062485 | C11: 6524144864928 | D11: 0.375
A12: 45839 | B12: 300449662573 | C12: 774464538012 | D12: 0.388

Sheet Coinbase price
A1: Date | B1: Close
A2: 44300.667 | B2: 328.28
A3: 44301.667 | B3: 322.75
A4: 44302.667 | B4: 342
A5: 44305.667 | B5: 333
A6: 44306.667 | B6: 320.82
A7: 44307.667 | B7: 311.92
A8: 44308.667 | B8: 293.45
A9: 44309.667 | B9: 291.6
A10: 44312.667 | B10: 304.54
A11: 44313.667 | B11: 302
A12: 44314.667 | B12: 298.05
A13: 44315.667 | B13: 294.77
... A1067: 45849.667 | B1067: 387.06

Sheet Compliance交易所
A1: Period | B1: 合规交易所 | C1: 非合规交易所 | D1: Coinbase | E1: Kraken | F1: Gemini | G1: Crypto.com | H1: Binance US
A2: 22Q3 | B2: 258.01 | C2: =I17 -> 1493.78 | D2: 144.63 | E2: 42.75 | F2: 6.62 | G2: 31.7 | H2: 32.31
A3: 22Q4 | B3: 241.43 | C3: =I18 -> 1296.53 | D3: 143.6 | E3: 47.12 | F3: 4 | G3: 18.51 | H3: 28.2
A4: 23Q1 | B4: 268.61 | C4: =I19 -> 1666.73 | D4: 142.58 | E4: 58.9 | F4: 2.68 | G4: 24.93 | H4: 39.52 | N4: Year | O4: Quarter | P4: Coinbase | Q4: Kraken | R4: Gemini | S4: Crypto.com | T4: Binance US
A5: 23Q2 | B5: 166.33 | C5: =I20 -> 848.9 | D5: 90.91 | E5: 39.96 | F5: 2.23 | G5: 10.3 | H5: 22.93 | N5: 2025 | O5: Q3 | P5: $22.89B | Q5: $12.07B | R5: $2.85B | S5: $21.94B | T5: $161.95M
A6: 23Q3 | B6: 124.35 | C6: =I21 -> 621.81 | D6: 75.01 | E6: 36.85 | F6: 1.62 | G6: 9.96 | H6: 0.91 | N6: 2025 | O6: Q2 | P6: $226.07B | Q6: $94.12B | R6: $17.91B | S6: $211.02B | T6: $865.45M
A7: 23Q4 | B7: 285.27 | C7: =I22 -> 1269.48 | D7: 148.82 | E7: 67.45 | F7: 3.29 | G7: 64.1 | H7: 1.61 | N7: 2025 | O7: Q1 | P7: $387.79B | Q7: $116.14B | R7: $12.84B | S7: $559.01B | T7: $1.29B
A8: 24Q1 | B8: 532.87 | C8: =I23 -> 2925.88 | D8: 301.44 | E8: 104.48 | F8: 7.09 | G8: 117.39 | H8: 2.47 | N8: 2024 | O8: Q4 | P8: $438.33B | Q8: $127.03B | R8: $13.86B | S8: $754.45B | T8: $2.02B
A9: 24Q2 | B9: 408.96 | C9: =I24 -> 2476.49 | D9: 217.6 | E9: 71.16 | F9: 6.1 | G9: 112.84 | H9: 1.26 | N9: 2024 | O9: Q3 | P9: $180.04B | Q9: $60.93B | R9: $5.62B | S9: $298.04B | T9: $798.65M
A10: 24Q3 | B10: 545.43 | C10: =I25 -> 1912.99 | D10: 180.04 | E10: 60.93 | F10: 5.62 | G10: 298.04 | H10: 0.8 | N10: 2024 | O10: Q2 | P10: $217.60B | Q10: $71.16B | R10: $6.10B | S10: $112.84B | T10: $1.26B
A11: 24Q4 | B11: 1335.69 | C11: =I26 -> 3612.37 | D11: 438.33 | E11: 127.03 | F11: 13.86 | G11: 754.45 | H11: 2.02 | N11: 2024 | O11: Q1 | P11: $301.44B | Q11: $104.48B | R11: $7.09B | S11: $117.39B | T11: $2.47B
A12: 25Q1 | B12: 1077.07 | C12: =I27 -> 3019.97 | D12: 387.79 | E12: 116.14 | F12: 12.84 | G12: 559.01 | H12: 1.29 | N12: 2023 | O12: Q4 | P12: $148.82B | Q12: $67.45B | R12: $3.29B | S12: $64.10B | T12: $1.61B
A13: 25Q2 | B13: 549.99 | C13: =I28 -> 2193.45 | D13: 226.07 | E13: 94.12 | F13: 17.91 | G13: 211.02 | H13: 0.87 | N13: 2023 | O13: Q3 | P13: $75.01B | Q13: $36.85B | R13: $1.62B | S13: $9.96B | T13: $908.94M
A14: 25Q3 | B14: 59.91 | C14: =I29 -> 234.94 | D14: 22.89 | E14: 12.07 | F14: 2.85 | G14: 21.94 | H14: 0.16 | N14: 2023 | O14: Q2 | P14: $90.91B | Q14: $39.96B | R14: $2.23B | S14: $10.30B | T14: $22.93B
A15: =_xlfn.CONCAT(N18,O18) | N15: 2023 | O15: Q1 | P15: $142.58B | Q15: $58.90B | R15: $2.68B | S15: $24.93B | T15: $39.52B
A16: Period | D16: Binance | E16: Bitget | F16: Bybit | G16: OKX | H16: PancakeSwap | I16: Total | N16: 2022 | O16: Q4 | P16: $143.60B | Q16: $47.12B | R16: $4.00B | S16: $18.51B | T16: $28.20B | Y16: 2025 | Z16: Q3 | AA16: 315917660
A17: 22Q3 | D17: 1290 | F17: 39.09 | G17: 153.28 | H17: 11.41 | I17: 1493.78 | N17: 2022 | O17: Q3 | P17: $144.63B | Q17: $42.75B | R17: $6.62B | S17: $31.70B | T17: $32.31B | Y17: 2025 | Z17: Q2 | AA17: 7140327791
A18: 22Q4 | D18: 1140 | F18: 43.18 | G18: 104.06 | H18: 9.29 | I18: 1296.53 | Y18: 2025 | Z18: Q1 | AA18: 5617226279
A19: 23Q1 | D19: 1520 | F19: 5.58 | G19: 130.74 | H19: 10.41 | I19: 1666.73 | N19: Year | O19: Quarter | P19: Binance | Q19: Bitget | R19: Bybit | S19: OKX | T19: PancakeSwap | Y19: 2024 | Z19: Q4 | AA19: 6028875927
A20: 23Q2 | D20: 707.51 | F20: 43.18 | G20: 92.23 | H20: 5.98 | I20: 848.9 | N20: 2025 | O20: Q3 | P20: $168.11B | Q20: $11.25B | R20: $30.47B | S20: $24.79B | T20: 315917660 | Y20: 2024 | Z20: Q3 | AA20: 3671439063
A21: 23Q3 | D21: 496.23 | F21: 56.77 | G21: 67.02 | H21: 1.79 | I21: 621.81 | N21: 2025 | O21: Q2 | P21: $1.44T | Q21: $222.05B | R21: $261.85B | S21: $262.41B | T21: 7140327791 | Y21: 2024 | Z21: Q2 | AA21: 4505166833
A22: 23Q4 | D22: 893.22 | F22: 166.51 | G22: 206.06 | H22: 3.69 | I22: 1269.48 | N22: 2025 | O22: Q1 | P22: $1.99T | Q22: $219.08B | R22: $477.29B | S22: $327.98B | T22: 5617226279 | Y22: 2024 | Z22: Q1 | AA22: 5924476842
A23: 24Q1 | D23: 2070 | E23: 110.26 | F23: 358.21 | G23: 381.49 | H23: 5.92 | I23: 2925.88 | N23: 2024 | O23: Q4 | P23: $2.35T | Q23: $273.80B | R23: $587.57B | S23: $394.97B | T23: 6028875927 | Y23: 2023 | Z23: Q4 | AA23: 3691266344
A24: 24Q2 | D24: 1650 | E24: 173.32 | F24: 365.62 | G24: 283.04 | H24: 4.51 | I24: 2476.49 | N24: 2024 | O24: Q3 | P24: $1.19T | Q24: $134.57B | R24: $406.66B | S24: $178.10B | T24: 3671439063 | Y24: 2023 | Z24: Q3 | AA24: 1785079085
A25: 24Q3 | D25: 1190 | E25: 134.57 | F25: 406.66 | G25: 178.1 | H25: 3.67 | I25: 1912.99 | N25: 2024 | O25: Q2 | P25: $1.65T | Q25: $173.32B | R25: $365.62B | S25: $283.04B | T25: 4505166833 | Y25: 2023 | Z25: Q2 | AA25: 5980989056
A26: 24Q4 | D26: 2350 | E26: 273.8 | F26: 587.57 | G26: 394.97 | H26: 6.03 | I26: 3612.37 | N26: 2024 | O26: Q1 | P26: $2.07T | Q26: $110.26B | R26: $358.21B | S26: $381.49B | T26: 5924476842 | Y26: 2023 | Z26: Q1 | AA26: 10411706838
A27: 25Q1 | D27: 1990 | E27: 219.08 | F27: 477.29 | G27: 327.98 | H27: 5.62 | I27: 3019.97 | N27: 2023 | O27: Q4 | P27: $893.22B | Q27: (see source) | R27: $166.51B | S27: $206.06B | T27: 3691266344 | Y27: 2022 | Z27: Q4 | AA27: 9285468873
A28: 25Q2 | D28: 1440 | E28: 222.05 | F28: 261.85 | G28: 262.41 | H28: 7.14 | I28: 2193.45 | N28: 2023 | O28: Q3 | P28: $496.23B | Q28: (see source) | R28: $56.77B | S28: $67.02B | T28: 1785079085 | Y28: 2022 | Z28: Q3 | AA28: 11408821876
A29: 25Q3 | D29: 168.11 | E29: 11.25 | F29: 30.47 | G29: 24.79 | H29: 0.32 | I29: 234.94 | N29: 2023 | O29: Q2 | P29: $707.51B | Q29: (see source) | R29: $43.18B | S29: $92.23B | T29: 5980989056
N30: 2023 | O30: Q1 | P30: $1.52T | Q30: (see source) | R30: $5.58B | S30: $130.74B | T30: 10411706838
N31: 2022 | O31: Q4 | P31: $1.14T | Q31: (see source) | R31: $43.18B | S31: $104.06B | T31: 9285468873
N32: 2022 | O32: Q3 | P32: $1.29T | Q32: (see source) | R32: $39.09B | S32: $153.28B | T32: 11408821876
